,profit,scenario,ratio1,ratio2
0,183981913.2797525,267,0.9328624005549426,2.6978775044897096
1,181978142.92550188,268,0.9253178069868382,3.3545607569910167
2,178770718.03581727,269,0.9068999355213263,3.8647224307969705
3,177794654.20486322,270,0.8992804353259698,3.5828158394807677
4,178019941.1881756,271,0.8882714037862609,4.481949388123599
5,176606943.80463058,272,0.9090099501972525,3.244599735083918
6,176328809.47151846,273,0.9076193018650831,3.2373039155267427
