,profit,scenario,ratio1,ratio2
0,869948587.5967255,460,0.9615163597189051,0.9889170588589566
