,profit,scenario,ratio1,ratio2
0,134818747.4397335,271,0.676867994718923,2.9917819880958856
