,profit,scenario,ratio1,ratio2
0,527953126.1059312,502,1.0038150570731212,0.5612948915789989
1,523944468.3090543,503,1.0771584331306145,0.5394668280228171
2,484200688.06361115,504,1.0592718324289907,0.4865739845828792
3,487263287.5473176,505,1.0588346366271555,0.4149118989840583
