,profit,scenario,ratio1,ratio2
0,144209763.0370636,269,0.7359347169517817,2.8248053506498896
1,143458986.18942192,271,0.7191486765323906,3.289815468101428
