,profit,scenario,ratio1,ratio2
0,562910807.0624644,501,1.0010465155319552,0.6707027803526191
1,546220310.5653232,502,1.0839515564109263,0.6624338943354321
2,542211652.7684462,503,1.1631726717286515,0.6406181523644129
3,502467872.52300316,504,1.1487364882952813,0.5937899694866078
4,505530472.00670964,505,1.1517493548678184,0.5188958574182866
5,502104308.85475165,506,1.076461962285598,0.545971949475102
6,505434568.6368615,507,1.0673413903788465,0.5448485213198769
7,507253243.825051,508,1.0245940269483045,0.5560596217830044
