,profit,scenario,ratio1,ratio2
0,874515383.7115734,460,0.9870566998350734,1.006920320690172
