,profit,scenario,ratio1,ratio2
0,153975517.16022077,290,1.2779280997128812,2.5815153566617575
1,150478165.0508638,291,1.3160361657029471,3.4094105628753817
2,151216149.93447328,292,1.3315658754125412,3.419196112228416
3,148721472.68615982,293,1.329724305359353,4.06718806245602
4,159458573.02162468,294,1.2690418481920094,2.791929334190982
