,profit,scenario,ratio1,ratio2
0,537086718.3356272,502,1.0438833067420237,0.6118643929572154
1,533078060.5387503,503,1.120165552429633,0.5900424901936152
2,493334280.2933072,504,1.1040041603621362,0.5401819770347438
3,496396879.7770136,505,1.1052919957474867,0.46690387820117213
4,492970716.6250556,506,1.0330160714251342,0.4931641255308171
5,496300976.4071655,507,1.0242626427972388,0.492395358510233
