,profit,scenario,ratio1,ratio2
0,156057426.6764366,268,0.7962350369046042,2.6800000677443467
1,152850001.786752,269,0.7786760215941679,3.08478462068666
2,151873937.95579797,270,0.770920091208965,2.8480082831072226
3,152099224.93911034,271,0.7614293583458581,3.587848948106971
