,profit,scenario,ratio1,ratio2
0,815716168.8932254,459,0.9708439417029398,0.9030334357249735
1,860814995.3670294,460,0.9104356794865688,0.9529105351965256
2,868595217.0534505,461,0.9519548529615214,0.9988413035866841
3,873658513.5724343,462,0.9724691269470719,0.9598380115788523
