,profit,scenario,ratio1,ratio2
0,192735727.94713762,265,0.9717238446329937,2.3580676106560134
1,192334617.8047077,266,0.9849847457305572,2.494567136325401
2,192622152.02944094,267,0.9762430755947261,2.8822342549435636
3,190618381.67519033,268,0.9683453970142495,3.57941432007324
4,187410956.78550565,269,0.9496412401637125,4.124701700833741
5,186434892.95455164,270,0.9420672166983048,3.8277516916052834
6,186660179.937864,271,0.9305520855997284,4.7799828681291405
7,185247182.55431896,272,0.9522104190942704,3.4712442566117616
8,184969048.2212069,273,0.9508197707621008,3.4639484370545843
