,profit,scenario,ratio1,ratio2
0,133197687.55148703,291,1.2573801334905117,2.885379876016488
1,133935672.43509641,292,1.2724156575755035,2.8968316576996083
2,131440995.18678293,293,1.2706761366365478,3.4472500069906964
