,profit,scenario,ratio1,ratio2
0,164697665.42612505,268,0.8392626269320155,2.9048536308265698
1,161490240.53644043,269,0.8214173262365542,3.344763890723431
2,160514176.7054864,270,0.8137068725813,3.0929441352317384
3,160739463.6887988,271,0.8037100401593257,3.885882428112514
4,159326466.30525374,272,0.8226090124032172,2.791310692028235
5,159048331.97214162,273,0.8212183640710474,2.784014872471057
