,profit,scenario,ratio1,ratio2
0,820282965.0080734,459,0.9983882217324345,0.9217465462631286
1,865381791.4818773,460,0.9359760196027368,0.9709137970277409
2,873162013.1682985,461,0.9773151719578116,1.0169241353009402
3,878225309.6872823,462,0.9983746072667028,0.9776146894807141
