,profit,scenario,ratio1,ratio2
0,980937669.210691,458,1.5178621242386086,1.5248801064450341
1,975286802.739438,459,1.4666409822338458,1.5578928952265632
2,1009204912.1939374,460,1.3701618015775956,1.5390719051723685
3,1028111047.670611,463,1.4997077338323899,1.5727530270289185
4,1015696649.8720849,466,1.6727744527251582,1.568308163777215
