,profit,scenario,ratio1,ratio2
0,514810876.0793583,503,1.034151313831596,0.48889116585201964
1,475067095.8339152,504,1.0145395044958454,0.43296599213101494
2,478129695.3176216,505,1.0123772775068238,0.3629199197669441
