,profit,scenario,ratio1,ratio2
0,990071261.440387,458,1.5463726870417966,1.5613476161850275
