,profit,scenario,ratio1,ratio2
0,175341674.5300641,267,0.8894817255151595,2.5135207540358575
1,173337904.17581344,268,0.8822902169594268,3.1297071939087924
2,170130479.28612882,269,0.8641586308789402,3.604743160760201
3,169154415.45517477,270,0.8564936539536349,3.337879987356253
4,169379702.43848717,271,0.8459907219727933,4.183915908118057
5,167966705.05494213,272,0.8658094813002348,3.017955213556076
6,167688570.72183007,273,0.8644188329680653,3.0106593939989006
