,profit,scenario,ratio1,ratio2
0,196051195.5351941,269,0.9923825448060986,4.3846809708705115
1,195075131.70424005,270,0.9848539980706397,4.072687543729798
2,195300418.68755245,271,0.972832767413196,5.078016348134684
3,193887421.3040074,272,0.9954108879912882,3.6978887781396033
4,193609286.9708953,273,0.9940202396591187,3.6905929585824278
