,profit,scenario,ratio1,ratio2
0,754345222.0808368,454,0.9991862717682952,0.8583351159750298
1,764003652.1749659,455,0.9886132846194832,0.8592700170649004
2,811217857.2309849,458,0.9761614309780395,0.8377647612098355
3,811149372.7783775,459,0.9432996616734449,0.8843203251868186
4,856248199.2521814,460,0.8848953393704004,0.9349072733653099
5,864028420.9386024,461,0.9265945339652311,0.9807584718724278
6,869091717.4575863,462,0.9465636466274407,0.9420613336769906
7,856801523.0089209,463,0.9868262689839146,0.9033316113095651
