,profit,scenario,ratio1,ratio2
0,769823548.2248777,199,1.6978924785045282,1.2803293787732621
1,770209434.7977887,200,1.7253903142175693,1.3128199835512089
