,profit,scenario,ratio1,ratio2
0,868257953.3011693,460,0.8215169157730391,0.8902321300710877
