,profit,scenario,ratio1,ratio2
0,144472463.21040928,269,0.5187705479870303,1.503877442670008
1,142832405.44075805,271,0.4999732221568278,1.7448634806304446
