,profit,scenario,ratio1,ratio2
0,144472463.21040934,269,0.7372342352248135,2.832709831218487
1,142832405.44075808,271,0.7160825273168198,3.268202403180565
