,profit,scenario,ratio1,ratio2
0,189119821.26317888,266,0.7446076772493635,1.5969389958087128
1,189556268.75435966,267,0.7391182704735104,1.8745146082561817
2,187557253.25041646,268,0.7331742824086122,2.3504572016427616
3,183131722.16378295,269,0.7100091482206896,2.6671098733968783
4,181303734.21744624,270,0.6979613966305234,2.4303512532186096
5,181491664.39413166,271,0.6891508449408026,3.0783629143960756
6,180217729.34277028,272,0.7062529608671615,2.180866817214673
7,179802907.96575713,273,0.7041788887825076,2.1699855215425994
