,profit,scenario,ratio1,ratio2
0,815449600.6409872,459,0.8284490406310392,0.8062927868143915
1,861446839.2912493,460,0.7834249659665291,0.8633812994670743
2,873469297.7037957,461,0.8493973513538395,0.9257140671793838
