,profit,scenario,ratio1,ratio2
0,143772323.9973318,291,0.9934655218531263,0.5275771063447086
1,145148046.73890924,292,1.0084604719244001,0.5658037830000162
2,142718911.3428379,293,1.0074003000225826,0.6831556458656373
3,153401041.09255126,294,0.9611594546811792,0.5345919530804256
