,profit,scenario,ratio1,ratio2
0,161784413.94816738,268,0.6048279258476296,1.6797448618864965
1,157358882.86153388,269,0.5825167480649167,1.8916215862456316
2,155530894.91519716,270,0.5703333446152454,1.6997357529938932
3,155718825.0918826,271,0.563032429751486,2.1893632918856554
4,154444890.0405212,272,0.5773909265044189,1.5048122542220865
5,154030068.66350812,273,0.575316854419765,1.4939309585500138
