,profit,scenario,ratio1,ratio2
0,176669849.10323507,267,0.6744184861843469,1.5995571075792847
1,174670833.59929192,268,0.6690011041281209,2.0151010317646296
2,170245302.51265836,269,0.6462629481428033,2.2793657298212553
3,168417314.5663217,270,0.6341473706228843,2.065043503106251
4,168605244.74300712,271,0.6260916373461444,2.633863103140866
5,167331309.69164574,272,0.6418219436857902,1.842839535718379
6,166916488.3146326,273,0.6397478716011363,1.8319582400463066
