,profit,scenario,ratio1,ratio2
0,875069067.3110893,460,0.8596088655795492,0.9170829606751011
