,profit,scenario,ratio1,ratio2
0,196018141.81490743,269,0.7737553482985761,3.054854016972501
1,194190153.86857077,270,0.7617754226381622,2.795659003330967
2,194378084.0452562,271,0.7522100525354608,3.5228627256512857
3,193104148.99389482,272,0.7706839780485328,2.518894098710966
4,192689327.61688167,273,0.7686099059638788,2.5080128030388926
